{"initial_reset_timestamp": 1529685903.547619, "timestamps": [1529685911.392002], "episode_lengths": [200], "episode_rewards": [-200.0], "episode_types": ["t"]}